Date ; First Name ; Last Name ; Company ; Email ; Comment ; 
2005-10-14;UserName3;UserLastName3;;user_email3@mailserver3.com;; 
2005-10-14;UserName2;UserLastName2;;user_email2@mailserver2.com;; 
2005-10-14;UserName1;UserLastName1;;user_email1@mailserver1.com;; 
2005-10-14;UserName4;UserLastName4;;user_email4@mailserver4.com;; 
2005-10-14;UserName5;UserLastName5;;user_email5@mailserver5.com;; 
2005-10-14;UserName6;UserLastName6;;user_email6@mailserver6.com;; 
2005-10-14;UserName7;UserLastName7;;user_email7@mailserver7.com;; 
2005-10-14;UserName8;UserLastName8;;user_email8@mailserver8.com;; 
2005-10-14;UserName9;UserLastName9;;user_email9@mailserver9.com;; 
2005-10-14;UserName10;UserLastName10;;user_email10@mailserver10.com;; 
2005-10-14;UserName11;UserLastName11;;user_email11@mailserver11.com;; 
2005-10-14;UserName12;UserLastName12;;user_email12@mailserver12.com;; 
2005-10-14;UserName13;UserLastName13;;user_email13@mailserver13.com;; 
2005-10-14;UserName14;UserLastName14;;user_email14@mailserver14.com;; 
2005-10-14;UserName15;UserLastName15;;user_email15@mailserver15.com;; 
2005-10-14;UserName16;UserLastName16;;user_email16@mailserver16.com;; 
2005-10-14;UserName17;UserLastName17;;user_email17@mailserver17.com;; 
2005-10-14;UserName18;UserLastName18;;user_email18@mailserver18.com;; 
2005-10-14;UserName19;UserLastName19;;user_email19@mailserver19.com;; 
2005-10-14;UserName20;UserLastName20;;user_email20@mailserver20.com;; 
2005-10-14;UserName21;UserLastName21;;user_email21@mailserver21.com;; 
2005-10-14;UserName22;UserLastName22;;user_email22@mailserver22.com;; 
2005-10-14;UserName23;UserLastName23;;user_email23@mailserver23.com;; 
2005-10-14;UserName24;UserLastName24;;user_email24@mailserver24.com;; 
2005-10-14;UserName25;UserLastName25;;user_email25@mailserver25.com;; 
2005-10-14;UserName26;UserLastName26;;user_email26@mailserver26.com;; 
2005-10-14;UserName27;UserLastName27;;user_email27@mailserver27.com;; 
2005-10-14;UserName28;UserLastName28;;user_email28@mailserver28.com;; 
2005-10-14;UserName29;UserLastName29;;user_email29@mailserver29.com;; 
2005-10-14;UserName30;UserLastName30;;user_email30@mailserver30.com;; 
2005-10-14;UserName31;UserLastName31;;user_email31@mailserver31.com;; 
2005-10-14;UserName32;UserLastName32;;user_email32@mailserver32.com;; 
2005-10-14;UserName33;UserLastName33;;user_email33@mailserver33.com;; 
2005-10-14;UserName34;UserLastName34;;user_email34@mailserver34.com;; 
2005-10-14;UserName35;UserLastName35;;user_email35@mailserver35.com;; 
2005-10-14;UserName36;UserLastName36;;user_email36@mailserver36.com;; 
2005-10-14;UserName37;UserLastName37;;user_email37@mailserver37.com;; 
2005-10-14;UserName38;UserLastName38;;user_email38@mailserver38.com;; 
2005-10-14;UserName39;UserLastName39;;user_email39@mailserver39.com;; 
2005-10-14;UserName40;UserLastName40;;user_email40@mailserver40.com;; 
