﻿<?xml version="1.0" encoding="utf-8"?>
<controlsConfig>
  <viewMap>
    <!--Provides user interface for displaying a list of content items in the Generic Content module.-->
    <viewSettings hostType="Telerik.Cms.Engine.WebControls.Admin.ContentItemsList`1[[Telerik.Cms.Engine.WebControls.Admin.ContentItemsView, Telerik.Cms.Engine]]" layoutTemplatePath="~/Sitefinity/Admin/ControlTemplates/Generic_Content/ContentItemsList.ascx" />
    <!--Provides user interface for previewing a content item in the Generic Content module.-->
    <viewSettings hostType="Telerik.Cms.Engine.WebControls.Admin.ContentItemPreview`1[[Telerik.Cms.Engine.WebControls.Admin.ContentItemsView, Telerik.Cms.Engine]]" layoutTemplatePath="~/Sitefinity/Admin/ControlTemplates/Generic_Content/ContentPreview.ascx" />
    <!--Provides user interface for editing a content item in the Generic Content module.-->
    <viewSettings hostType="Telerik.Cms.Engine.WebControls.Admin.ContentItemEdit`1[[Telerik.Cms.Engine.WebControls.Admin.ContentItemsView, Telerik.Cms.Engine]]" layoutTemplatePath="~/Sitefinity/Admin/ControlTemplates/Generic_Content/ContentEditView.ascx" />
    <!--Provides user interface for adding a new content item in the Generic Content module.-->
    <viewSettings hostType="Telerik.Cms.Engine.WebControls.Admin.ContentItemNew`1[[Telerik.Cms.Engine.WebControls.Admin.ContentItemsView, Telerik.Cms.Engine]]" layoutTemplatePath="~/Sitefinity/Admin/ControlTemplates/Generic_Content/ContentNewView.ascx" />
    <!--Provides user interface for managing history of different versions of the content item in the Generic Content module.-->
    <viewSettings hostType="Telerik.Cms.Engine.WebControls.Admin.ContentItemHistory`1[[Telerik.Cms.Engine.WebControls.Admin.ContentItemsView, Telerik.Cms.Engine]]" layoutTemplatePath="~/Sitefinity/Admin/ControlTemplates/Generic_Content/ContentItemHistory.ascx" />
    <!--Provides user interface for managing categories in Generic Content module.-->
    <viewSettings hostType="Telerik.Cms.Engine.WebControls.Admin.CategoriesView`1[[Telerik.Cms.Engine.WebControls.Admin.GenericControlPanel, Telerik.Cms.Engine]]" layoutTemplatePath="~/Sitefinity/Admin/ControlTemplates/Generic_Content/CategoriesView.ascx" />
    <!--Provides user interface for managing tags in the Generic Content module.-->
    <viewSettings hostType="Telerik.Cms.Engine.WebControls.Admin.TagsView`1[[Telerik.Cms.Engine.WebControls.Admin.GenericControlPanel, Telerik.Cms.Engine]]" layoutTemplatePath="~/Sitefinity/Admin/ControlTemplates/Generic_Content/TagsView.ascx" />
    <!--Provides user interface for displaying a list of comments in Generic Content module.-->
    <viewSettings hostType="Telerik.Cms.Engine.WebControls.Admin.CommentsList`1[[Telerik.Cms.Engine.WebControls.Admin.CommentsView`1[[Telerik.Cms.Engine.WebControls.Admin.GenericControlPanel, Telerik.Cms.Engine]], Telerik.Cms.Engine]]" layoutTemplatePath="~/Sitefinity/Admin/ControlTemplates/Generic_Content/CommentsList.ascx" />
    <!--Provides user interface for editing a comment in Generic Content module.-->
    <viewSettings hostType="Telerik.Cms.Engine.WebControls.Admin.CommentsEdit`1[[Telerik.Cms.Engine.WebControls.Admin.CommentsView`1[[Telerik.Cms.Engine.WebControls.Admin.GenericControlPanel, Telerik.Cms.Engine]], Telerik.Cms.Engine]]" layoutTemplatePath="~/Sitefinity/Admin/ControlTemplates/Generic_Content/CommentsEdit.ascx" />
    <!--Provides user interface for previewing a comment in Generic Content.-->
    <viewSettings hostType="Telerik.Cms.Engine.WebControls.Admin.CommentsPreview`1[[Telerik.Cms.Engine.WebControls.Admin.CommentsView`1[[Telerik.Cms.Engine.WebControls.Admin.GenericControlPanel, Telerik.Cms.Engine]], Telerik.Cms.Engine]]" layoutTemplatePath="~/Sitefinity/Admin/ControlTemplates/Generic_Content/CommentsPreview.ascx" />
    <!--Provides user interface for managing permissions in the Generic Content module.-->
    <viewSettings hostType="Telerik.Cms.Engine.WebControls.Admin.PermissionsView`1[[Telerik.Cms.Engine.WebControls.Admin.GenericControlPanel, Telerik.Cms.Engine]]" layoutTemplatePath="~/Sitefinity/Admin/ControlTemplates/Generic_Content/PermissionsView.ascx" />
    <!--Provides user interface for displaying a list of all the news items in the News module.-->
    <viewSettings hostType="Telerik.News.WebControls.Admin.NewsItemsList" layoutTemplatePath="~/Sitefinity/Admin/ControlTemplates/News/NewsItemsList.ascx" />
    <!--Provides user interface for previewing a news item in the News module.-->
    <viewSettings hostType="Telerik.News.WebControls.Admin.NewsItemPreview" layoutTemplatePath="~/Sitefinity/Admin/ControlTemplates/News/NewsItemPreview.ascx" />
    <!--Provides user interface for editing a news item in the News module.-->
    <viewSettings hostType="Telerik.News.WebControls.Admin.NewsItemEdit" layoutTemplatePath="~/Sitefinity/Admin/ControlTemplates/News/NewsItemEdit.ascx" />
    <!--Provides user interface for adding new news items in the News module.-->
    <viewSettings hostType="Telerik.News.WebControls.Admin.NewsItemNew" layoutTemplatePath="~/Sitefinity/Admin/ControlTemplates/News/NewsItemNew.ascx" />
    <!--Provides user interface for managing the history of news item versions in the News module.-->
    <viewSettings hostType="Telerik.News.WebControls.Admin.NewsItemHistory" layoutTemplatePath="~/Sitefinity/Admin/ControlTemplates/News/NewsItemHistory.ascx" />
    <!--Provides user interface for managing categories in the News module.-->
    <viewSettings hostType="Telerik.News.WebControls.Admin.NewsCategoriesView" layoutTemplatePath="~/Sitefinity/Admin/ControlTemplates/News/CategoriesView.ascx" />
    <!--Provides user interface for managing tags in the News module.-->
    <viewSettings hostType="Telerik.News.WebControls.Admin.NewsTagsView" layoutTemplatePath="~/Sitefinity/Admin/ControlTemplates/News/TagsView.ascx" />
    <!--Provides user interface for displaying a list of comments in the News module.-->
    <viewSettings hostType="Telerik.News.WebControls.Admin.NewsCommentsList" layoutTemplatePath="~/Sitefinity/Admin/ControlTemplates/News/CommentsList.ascx" />
    <!--Provides user interface for editing a comment in the News module.-->
    <viewSettings hostType="Telerik.News.WebControls.Admin.NewsCommentsEdit" layoutTemplatePath="~/Sitefinity/Admin/ControlTemplates/News/CommentsEdit.ascx" />
    <!--Provides user interface for previewing a comment in the News module.-->
    <viewSettings hostType="Telerik.News.WebControls.Admin.NewsCommentsPreview" layoutTemplatePath="~/Sitefinity/Admin/ControlTemplates/News/CommentsPreview.ascx" />
    <!--Provides user interface for managing permissions in the News module.-->
    <viewSettings hostType="Telerik.News.WebControls.Admin.NewsPermissionsView" layoutTemplatePath="~/Sitefinity/Admin/ControlTemplates/News/PermissionsView.ascx" />
    <!--Provides user interface for displaying a list of blogs in the blogs module.-->
    <viewSettings hostType="Telerik.Blogs.WebControls.Admin.BlogsListView" layoutTemplatePath="~/Sitefinity/Admin/ControlTemplates/Blogs/BlogsListView.ascx" />
    <!--Provides user interface for displaying a list of blogs in the blogs module.-->
    <viewSettings hostType="Telerik.Blogs.WebControls.Admin.BlogsNewBlogView" layoutTemplatePath="~/Sitefinity/Admin/ControlTemplates/Blogs/BlogsListView.ascx" />
    <!--Provides user interface for managing permissions in the blogs module.-->
    <viewSettings hostType="Telerik.Blogs.WebControls.Admin.BlogsPermissionsView" layoutTemplatePath="~/Sitefinity/Admin/ControlTemplates/Blogs/BlogsPermissionsView.ascx" />
    <!--Provides user interface for displaying a list of posts in the blogs module.-->
    <viewSettings hostType="Telerik.Blogs.WebControls.Admin.PostsListView" layoutTemplatePath="~/Sitefinity/Admin/ControlTemplates/Blogs/PostsList.ascx" />
    <!--Provides user interface for creating new blog post in the blogs module.-->
    <viewSettings hostType="Telerik.Blogs.WebControls.Admin.PostNewView" layoutTemplatePath="~/Sitefinity/Admin/ControlTemplates/Blogs/PostNew.ascx" />
    <!--Provides user interface for editing a blog post in the blogs module.-->
    <viewSettings hostType="Telerik.Blogs.WebControls.Admin.PostEditView" layoutTemplatePath="~/Sitefinity/Admin/ControlTemplates/Blogs/PostEdit.ascx" />
    <!--Provides user interface for previewing a blog post in the blogs module.-->
    <viewSettings hostType="Telerik.Blogs.WebControls.Admin.PostPreviewView" layoutTemplatePath="~/Sitefinity/Admin/ControlTemplates/Blogs/PostPreview.ascx" />
    <!--Provides user interface for working with the history of different versions of blog post in the blogs module.-->
    <viewSettings hostType="Telerik.Blogs.WebControls.Admin.PostHistoryView" layoutTemplatePath="~/Sitefinity/Admin/ControlTemplates/Blogs/PostHistory.ascx" />
    <!--Provides user interface for viewing a list of comments in the blogs module.-->
    <viewSettings hostType="Telerik.Blogs.WebControls.Admin.BlogCommentsListView" layoutTemplatePath="~/Sitefinity/Admin/ControlTemplates/Blogs/CommentsList.ascx" />
    <!--Provides user interface for editing a comment in the blogs module.-->
    <viewSettings hostType="Telerik.Blogs.WebControls.Admin.BlogCommentsEditView" layoutTemplatePath="~/Sitefinity/Admin/ControlTemplates/Blogs/CommentsEdit.ascx" />
    <!--Provides user interface for previewing a comment in the blogs module.-->
    <viewSettings hostType="Telerik.Blogs.WebControls.Admin.BlogCommentsPreviewView" layoutTemplatePath="~/Sitefinity/Admin/ControlTemplates/Blogs/CommentsPreview.ascx" />
    <!--Provides user interface for the categories management of blogs module.-->
    <viewSettings hostType="Telerik.Blogs.WebControls.Admin.BlogCategoriesView" layoutTemplatePath="~/Sitefinity/Admin/ControlTemplates/Blogs/CategoriesView.ascx" />
    <!--Provides user interface for managing tags in the blogs module.-->
    <viewSettings hostType="Telerik.Blogs.WebControls.Admin.BlogTagsView" layoutTemplatePath="~/Sitefinity/Admin/ControlTemplates/Blogs/TagsView.ascx" />
    <!--Provides user interface for managing blog settings in the blogs module.-->
    <viewSettings hostType="Telerik.Blogs.WebControls.Admin.BlogSettingsView" layoutTemplatePath="~/Sitefinity/Admin/ControlTemplates/Blogs/BlogSettingsView.ascx" />
    <!--Displays all lists-->
    <viewSettings hostType="Telerik.Lists.WebControls.Admin.ListsAll`1[[Telerik.Lists.WebControls.Admin.AllListsView, Telerik.Lists]]" layoutTemplatePath="~/Sitefinity/Admin/ControlTemplates/Lists/ListsAll.ascx" />
    <!--Inserts a list-->
    <viewSettings hostType="Telerik.Lists.WebControls.Admin.ListInsert`1[[Telerik.Lists.WebControls.Admin.AllListsView, Telerik.Lists]]" layoutTemplatePath="~/Sitefinity/Admin/ControlTemplates/Lists/ListInsert.ascx" />
    <!--Edits a list-->
    <viewSettings hostType="Telerik.Lists.WebControls.Admin.ListEdit`1[[Telerik.Lists.WebControls.Admin.AllListsView, Telerik.Lists]]" layoutTemplatePath="~/Sitefinity/Admin/ControlTemplates/Lists/ListEdit.ascx" />
    <!--Displays all items of a list-->
    <viewSettings hostType="Telerik.Lists.WebControls.Admin.ListItemsAll`1[[Telerik.Lists.WebControls.Admin.AllListsView, Telerik.Lists]]" layoutTemplatePath="~/Sitefinity/Admin/ControlTemplates/Lists/ListItemsAll.ascx" />
    <!--Edits a list item-->
    <viewSettings hostType="Telerik.Lists.WebControls.Admin.ListItemEdit`1[[Telerik.Lists.WebControls.Admin.AllListsView, Telerik.Lists]]" layoutTemplatePath="~/Sitefinity/Admin/ControlTemplates/Lists/ListItemEdit.ascx" />
    <!--Inserts a list item-->
    <viewSettings hostType="Telerik.Lists.WebControls.Admin.ListItemInsert`1[[Telerik.Lists.WebControls.Admin.AllListsView, Telerik.Lists]]" layoutTemplatePath="~/Sitefinity/Admin/ControlTemplates/Lists/ListItemInsert.ascx" />
    <!--Displays permissions for the Lists module-->
    <viewSettings hostType="Telerik.Lists.WebControls.Admin.PermissionsView`1[[Telerik.Lists.WebControls.Admin.ListsControlPanel, Telerik.Lists]]" layoutTemplatePath="~/Sitefinity/Admin/ControlTemplates/Lists/PermissionsView.ascx" />
    <!--Displays all polls-->
    <viewSettings hostType="Telerik.Polls.WebControls.Admin.PollItemsList`1[[Telerik.Polls.WebControls.Admin.PollItemsView, Telerik.Polls]]" layoutTemplatePath="~/Sitefinity/Admin/ControlTemplates/Polls/PollItemsList.ascx" />
    <!--Displays a preview of a poll item-->
    <viewSettings hostType="Telerik.Polls.WebControls.Admin.PollItemPreview`1[[Telerik.Polls.WebControls.Admin.PollItemsView, Telerik.Polls]]" layoutTemplatePath="~/Sitefinity/Admin/ControlTemplates/Polls/PollItemPreview.ascx" />
    <!--Edits a poll item-->
    <viewSettings hostType="Telerik.Polls.WebControls.Admin.PollItemEdit`1[[Telerik.Polls.WebControls.Admin.PollItemsView, Telerik.Polls]]" layoutTemplatePath="~/Sitefinity/Admin/ControlTemplates/Polls/PollItemEdit.ascx" />
    <!--Inserts a poll item-->
    <viewSettings hostType="Telerik.Polls.WebControls.Admin.PollItemNew" layoutTemplatePath="~/Sitefinity/Admin/ControlTemplates/Polls/PollItemNew.ascx" />
    <!--Displays permissions for the Polls module-->
    <viewSettings hostType="Telerik.Polls.WebControls.Admin.PermissionsView`1[[Telerik.Polls.WebControls.Admin.PollsControlPanel, Telerik.Polls]]" layoutTemplatePath="~/Sitefinity/Admin/ControlTemplates/Polls/PermissionsView.ascx" />
    <!--Displays a list of libraries.-->
    <viewSettings hostType="Telerik.Libraries.WebControls.Admin.LibraryList`1[[Telerik.Libraries.WebControls.Admin.LibrariesView, Telerik.Libraries]]" layoutTemplatePath="~/Sitefinity/Admin/ControlTemplates/Libraries/LibraryListView.ascx" />
    <!--Creates a new library.-->
    <viewSettings hostType="Telerik.Libraries.WebControls.Admin.LibraryNew`1[[Telerik.Libraries.WebControls.Admin.LibrariesView, Telerik.Libraries]]" layoutTemplatePath="~/Sitefinity/Admin/ControlTemplates/Libraries/LibraryNew.ascx" />
    <!--Edits the settings of a library.-->
    <viewSettings hostType="Telerik.Libraries.WebControls.Admin.LibraryEdit`1[[Telerik.Libraries.WebControls.Admin.LibrariesView, Telerik.Libraries]]" layoutTemplatePath="~/Sitefinity/Admin/ControlTemplates/Libraries/LibraryEdit.ascx" />
    <!--Displays a list of items in a library.-->
    <viewSettings hostType="Telerik.Libraries.WebControls.Admin.LibraryItemList" layoutTemplatePath="~/Sitefinity/Admin/ControlTemplates/Libraries/LibraryItemList.ascx" />
    <!--Uploads a new item or set of items to a library.-->
    <viewSettings hostType="Telerik.Libraries.WebControls.Admin.LibraryItemUpload`1[[Telerik.Libraries.WebControls.Admin.LibraryItemsView, Telerik.Libraries]]" layoutTemplatePath="~/Sitefinity/Admin/ControlTemplates/Libraries/LibraryItemUpload.ascx" />
    <!--Edit library item properties in batches - Images & Documents.-->
    <viewSettings hostType="Telerik.Libraries.WebControls.Admin.LibraryItemBatchEdit`1[[Telerik.Libraries.WebControls.Admin.LibraryItemsView, Telerik.Libraries]]" layoutTemplatePath="~/Sitefinity/Admin/ControlTemplates/Libraries/LibraryItemBatchEdit.ascx" />
    <!--Displays a preview of a library item.-->
    <viewSettings hostType="Telerik.Libraries.WebControls.Admin.LibraryItemPreview" layoutTemplatePath="~/Sitefinity/Admin/ControlTemplates/Libraries/LibraryItemPreview.ascx" />
    <!--Edit library item properties - Images & Documents.-->
    <viewSettings hostType="Telerik.Libraries.WebControls.Admin.LibraryItemEdit" layoutTemplatePath="~/Sitefinity/Admin/ControlTemplates/Libraries/LibraryItemEdit.ascx" />
    <!--Displays history of a library item.-->
    <viewSettings hostType="Telerik.Libraries.WebControls.Admin.LibraryItemHistory" layoutTemplatePath="~/Sitefinity/Admin/ControlTemplates/Libraries/LibraryItemHistory.ascx" />
    <!--Displays categories for Images & Documents.-->
    <viewSettings hostType="Telerik.Libraries.WebControls.Admin.CategoriesView" layoutTemplatePath="~/Sitefinity/Admin/ControlTemplates/Libraries/CategoriesView.ascx" />
    <!--Displays tags for Images & Documents.-->
    <viewSettings hostType="Telerik.Libraries.WebControls.Admin.TagsView" layoutTemplatePath="~/Sitefinity/Admin/ControlTemplates/Libraries/TagsView.ascx" />
    <!--Displays and sets permissions for Images & Documents.-->
    <viewSettings hostType="Telerik.Libraries.WebControls.Admin.PermissionsView" layoutTemplatePath="~/Sitefinity/Admin/ControlTemplates/Libraries/PermissionsView.ascx" />
    <!--Displays all comments for Images & Documents module.-->
    <viewSettings hostType="Telerik.Libraries.WebControls.Admin.LibraryCommentsListView" layoutTemplatePath="~/Sitefinity/Admin/ControlTemplates/Libraries/CommentsList.ascx" />
    <!--Edits a comment for Images & Documents.-->
    <viewSettings hostType="Telerik.Libraries.WebControls.Admin.LibraryCommentsEditView" layoutTemplatePath="~/Sitefinity/Admin/ControlTemplates/Libraries/CommentsEdit.ascx" />
    <viewSettings hostType="Telerik.Libraries.WebControls.Admin.LibraryCommentsPreviewView" layoutTemplatePath="~/Sitefinity/Admin/ControlTemplates/Libraries/CommentsPreview.ascx" />
    <!--Synchronization of videos for Viddler provider for Images & Documents.-->
    <viewSettings hostType="Telerik.Libraries.WebControls.Admin.ViddlerSynchronizerView" layoutTemplatePath="~/Sitefinity/Admin/ControlTemplates/Libraries/ViddlerVideoSynchronizer.ascx" />
    <!--Displays all events-->
    <viewSettings hostType="Telerik.Events.WebControls.Admin.EventsItemsList" layoutTemplatePath="~/Sitefinity/Admin/ControlTemplates/Events/EventsItemsList.ascx" />
    <!--Displays events scheduler-->
    <viewSettings hostType="Telerik.Events.WebControls.Admin.EventsSchedulerView`1[[Telerik.Events.WebControls.Admin.EventsItemsView, Telerik.Events]]" layoutTemplatePath="~/Sitefinity/Admin/ControlTemplates/Events/EventsScheduler.ascx" />
    <!--Inserts an event item-->
    <viewSettings hostType="Telerik.Events.WebControls.Admin.EventsItemNew" layoutTemplatePath="~/Sitefinity/Admin/ControlTemplates/Events/EventsItemNew.ascx" />
    <!--Edits an event item-->
    <viewSettings hostType="Telerik.Events.WebControls.Admin.EventsItemEdit" layoutTemplatePath="~/Sitefinity/Admin/ControlTemplates/Events/EventsItemEdit.ascx" />
    <!--Displays a preview of an event item-->
    <viewSettings hostType="Telerik.Events.WebControls.Admin.EventsItemPreview" layoutTemplatePath="~/Sitefinity/Admin/ControlTemplates/Events/EventsItemPreview.ascx" />
    <!--Displays history of an event item-->
    <viewSettings hostType="Telerik.Events.WebControls.Admin.EventsItemHistory" layoutTemplatePath="~/Sitefinity/Admin/ControlTemplates/Events/EventsItemHistory.ascx" />
    <!--Displays all categories for the Events module-->
    <viewSettings hostType="Telerik.Events.WebControls.Admin.CategoriesView" layoutTemplatePath="~/Sitefinity/Admin/ControlTemplates/Events/CategoriesView.ascx" />
    <!--Displays all tags for the Events module-->
    <viewSettings hostType="Telerik.Events.WebControls.Admin.TagsView" layoutTemplatePath="~/Sitefinity/Admin/ControlTemplates/Events/TagsView.ascx" />
    <!--Displays permissions for the Events module-->
    <viewSettings hostType="Telerik.Events.WebControls.Admin.PermissionsView" layoutTemplatePath="~/Sitefinity/Admin/ControlTemplates/Events/PermissionsView.ascx" />
    <!--Displays all comments for the Events module-->
    <viewSettings hostType="Telerik.Events.WebControls.Admin.EventsCommentsList" layoutTemplatePath="~/Sitefinity/Admin/ControlTemplates/Events/CommentsList.ascx" />
    <!--Edits an event comment-->
    <viewSettings hostType="Telerik.Events.WebControls.Admin.EventsCommentsEdit" layoutTemplatePath="~/Sitefinity/Admin/ControlTemplates/Events/CommentsEdit.ascx" />
    <!--Displays a preview of an event comment-->
    <viewSettings hostType="Telerik.Events.WebControls.Admin.EventsCommentsPreview" layoutTemplatePath="~/Sitefinity/Admin/ControlTemplates/Events/CommentsPreview.ascx" />
    <viewSettings hostType="Telerik.Events.WebControls.Admin.GeomappingSettingsView`1[[Telerik.Events.WebControls.Admin.EventsControlPanel, Telerik.Events]]" layoutTemplatePath="~/Sitefinity/Admin/ControlTemplates/Events/GeomappingSettingsView.ascx" />
    <!--Provides user interface for displaying a list of all the wikis in the Wiki module.-->
    <viewSettings hostType="Telerik.Wiki.WebControls.Admin.WikiItemListView" layoutTemplatePath="~/Sitefinity/Admin/ControlTemplates/Wiki/WikiItemsList.ascx" />
    <!--Provides user interface for editing a wiki in the Wiki module.-->
    <viewSettings hostType="Telerik.Wiki.WebControls.Admin.WikiEditView" layoutTemplatePath="~/Sitefinity/Admin/ControlTemplates/Wiki/WikiEditView.ascx" />
    <!--Provides user interface for adding new wikis in the Wiki module.-->
    <viewSettings hostType="Telerik.Wiki.WebControls.Admin.WikiNewView" layoutTemplatePath="~/Sitefinity/Admin/ControlTemplates/Wiki/WikiNewView.ascx" />
    <!--Provides user interface for previewing a wiki in the Wiki module.-->
    <viewSettings hostType="Telerik.Wiki.WebControls.Admin.WikiPreviewView" layoutTemplatePath="~/Sitefinity/Admin/ControlTemplates/Wiki/WikiPreviewView.ascx" />
    <!--Provides user interface for managing permissions of single wiki in the Wiki module.-->
    <viewSettings hostType="Telerik.Wiki.WebControls.Admin.WikiPermissionsView" layoutTemplatePath="~/Sitefinity/Admin/ControlTemplates/Wiki/WikiPermissionsView.ascx" />
    <!--Provides user interface for managing categories in the Wiki module.-->
    <viewSettings hostType="Telerik.Wiki.WebControls.Admin.WikiCategoriesView" layoutTemplatePath="~/Sitefinity/Admin/ControlTemplates/Wiki/WikiCategoriesView.ascx" />
    <!--Provides user interface for managing tags in the Wiki module.-->
    <viewSettings hostType="Telerik.Wiki.WebControls.Admin.WikiTagsView" layoutTemplatePath="~/Sitefinity/Admin/ControlTemplates/Wiki/WikiTagsView.ascx" />
    <!--Provides user interface for displaying a list of comments in the Wiki module.-->
    <viewSettings hostType="Telerik.Wiki.WebControls.Admin.WikiCommentsListView" layoutTemplatePath="~/Sitefinity/Admin/ControlTemplates/Wiki/WikiCommentsListView.ascx" />
    <!--Provides user interface for editing a comment in the Wiki module.-->
    <viewSettings hostType="Telerik.Wiki.WebControls.Admin.WikiCommentsEditView" layoutTemplatePath="~/Sitefinity/Admin/ControlTemplates/Wiki/WikiCommentsEditView.ascx" />
    <!--Provides user interface for previewing a comment in Generic Content.-->
    <viewSettings hostType="Telerik.Cms.Engine.WebControls.Admin.CommentsPreview`1[[Telerik.Wiki.WebControls.Admin.WikiCommentsView, Telerik.Wiki]]" layoutTemplatePath="~/Sitefinity/Admin/ControlTemplates/Generic_Content/CommentsPreview.ascx" />
    <!--Provides user interface for managing permissions in the Wiki module.-->
    <viewSettings hostType="Telerik.Wiki.WebControls.Admin.PermissionsView" layoutTemplatePath="~/Sitefinity/Admin/ControlTemplates/Wiki/PermissionsView.ascx" />
    <viewSettings hostType="Telerik.Blogs.Design.BlogsControlDesigner" layoutTemplatePath="~/Sitefinity/Admin/ControlTemplates/Blogs/BlogsControlDesigner.ascx" />
    <!--Provides user interface for the blog archive control, which displays archive of blog posts for the blogs module.-->
    <viewSettings hostType="Telerik.Blogs.WebControls.BlogArchive" layoutTemplatePath="~/Sitefinity/ControlTemplates/Blogs/ArchiveTemplate.ascx" />
    <!--Provides user interface for the blog calendar control, which displays the archive of posts in a calendar view.-->
    <viewSettings hostType="Telerik.Blogs.WebControls.BlogCalendar" layoutTemplatePath="~/Sitefinity/ControlTemplates/Blogs/BlogCalendar.ascx" />
    <!--Provides user interface for the control which displays list of comments for the blog post in the blogs module.-->
    <viewSettings hostType="Telerik.Blogs.WebControls.BlogCommentsList" layoutTemplatePath="~/Sitefinity/ControlTemplates/Blogs/CommentsList.ascx" />
    <!--Provides user interface for displaying a list of bloggers in the blogs module.-->
    <viewSettings hostType="Telerik.Blogs.WebControls.BloggersList" layoutTemplatePath="~/Sitefinity/ControlTemplates/Blogs/BloggersList.ascx" />
    <viewSettings hostType="Telerik.Blogs.WebControls.BlogPosts">
      <additionalTemplates>
        <!--Provides user interface for displaying a list of posts in the BlogPosts control in the blogs module.-->
        <add key="ItemListTemplatePath" layoutTemplatePath="~/Sitefinity/ControlTemplates/Blogs/ContentViewItemList.ascx" />
        <!--Provides user interface for displaying a single post in the BlogPosts control in the blogs module.-->
        <add key="SingleItemTemplatePath" layoutTemplatePath="~/Sitefinity/ControlTemplates/Blogs/ContentViewSingleItem.ascx" />
      </additionalTemplates>
    </viewSettings>
    <!--Provides user interface for the editor which lets user select one or more blogs.-->
    <viewSettings hostType="Telerik.Blogs.WebControls.BlogsSelector" layoutTemplatePath="~/Sitefinity/Admin/ControlTemplates/Blogs/BlogsSelectorDialogTemplate.ascx" />
    <!--Provides user interface for setting up the BlogPosts control designer in the blogs module.-->
    <viewSettings hostType="Telerik.Blogs.WebControls.Design.BlogPostsDesigner" layoutTemplatePath="~/Sitefinity/Admin/ControlTemplates/Blogs/BlogPostsControlDesigner.ascx" />
    <!--Provides user interface for behavior setting control of the BlogPostsDesigner control. This is a derived control of the base BehaviorSetting control, which adds blog specific third option - BlogPage.-->
    <viewSettings hostType="Telerik.Blogs.WebControls.Design.Settings.BlogsBehaviorSetting" layoutTemplatePath="~/Sitefinity/Admin/ControlTemplates/Blogs/BehaviorSettingTemplate.ascx" />
    <!--Provides user interface for the control which renders header links for the blogs module.-->
    <viewSettings hostType="Telerik.Blogs.WebControls.HeaderLinks" layoutTemplatePath="~/Sitefinity/ControlTemplates/Blogs/HeaderLinks.ascx" />
    <!--Provides user interface for setting up the rss feed for blogs module.-->
    <viewSettings hostType="Telerik.Blogs.WebControls.Rss.RssSettingsControl" layoutTemplatePath="~/Sitefinity/Admin/ControlTemplates/Blogs/RssSettingsControlTemplate.ascx" />
    <!--Provides user interface for displaying the settings of an already existing rss feed for the blogs module.-->
    <viewSettings hostType="Telerik.Blogs.WebControls.Rss.RssViewControl" layoutTemplatePath="~/Sitefinity/Admin/ControlTemplates/Blogs/RssViewSettingsControl.ascx" />
    <!--Provides user interface for selecting a category to which content item belongs to in the Generic Content module.-->
    <viewSettings hostType="Telerik.Cms.Engine.WebControls.Admin.ContentCategoriesField" layoutTemplatePath="~/Sitefinity/Admin/ControlTemplates/Generic_Content/CategoriesField.ascx" />
    <!--Provides user interface for tagging a content item in the Generic Content module.-->
    <viewSettings hostType="Telerik.Cms.Engine.WebControls.Admin.ContentTagEditor" layoutTemplatePath="~/Sitefinity/Admin/ControlTemplates/Generic_Content/TagEditor.ascx" />
    <!--Provides user interface for displaying the categories in a hierarchical way.-->
    <viewSettings hostType="Telerik.Cms.Engine.WebControls.Categories.CategoriesTree" layoutTemplatePath="~/Sitefinity/ControlTemplates/Generic_Content/CategoriesTree.ascx" />
    <!--<p>Defines the layout of GenericContentDesigner control.</p>
<p><strong>Required controls:</strong></p>
<ul><li>
Warning - This control is required and must implement ITextControl interface. The control ID must be "warning".
</li><li>
TextEditor - This control is required and must implement IEditableTextControl interface.The control ID must be "textEditor".
</li><li>
ShareContent - This control is required and must implement IButtonControl interface. The control ID must be "shareContent".
</li><li>
SelectContent - This control is required and must implement IButtonControl interface. The control ID must be "selectContent".
</li></ul>
<p><strong>Optional controls:</strong></p>
<ul><li>
WarningContainer - This control is optional. There is no particular interface that has to be implemented. The control ID must be "warningConainer".
</li></ul>-->
    <viewSettings hostType="Telerik.Cms.Engine.WebControls.Design.GenericContentDesigner" layoutTemplatePath="~/Sitefinity/Admin/ControlTemplates/Generic_Content/GenericContentDesigner.ascx" />
    <!--Provides user interface for displaying the archive of content items in the Generic Content module.-->
    <viewSettings hostType="Telerik.Cms.Engine.WebControls.ContentArchive" layoutTemplatePath="~/Sitefinity/ControlTemplates/Generic_Content/ArchiveTemplate.ascx" />
    <viewSettings hostType="Telerik.Cms.Engine.WebControls.Categories.CategoriesList" layoutTemplatePath="~/Sitefinity/ControlTemplates/Generic_Content/CategoriesList.ascx" />
    <!--Provides user interface for selecting one or more categories in the Generic Content module.-->
    <viewSettings hostType="Telerik.Cms.Engine.WebControls.Categories.CategoriesSelector" layoutTemplatePath="~/Sitefinity/Admin/ControlTemplates/Generic_Content/CategoriesSelector.ascx" />
    <!--Provides user interface for displaying a list of comments in the Generic Content module.-->
    <viewSettings hostType="Telerik.Cms.Engine.WebControls.CommentsList" layoutTemplatePath="~/Sitefinity/ControlTemplates/Generic_Content/CommentsList.ascx" />
    <viewSettings hostType="Telerik.Cms.Engine.WebControls.ContentView">
      <additionalTemplates>
        <!--Provides user interface for displaying a single content item in the ContentView control in the Generic Content module.-->
        <add key="SingleItemTemplatePath" layoutTemplatePath="~/Sitefinity/ControlTemplates/Generic_Content/ContentViewSingleItem.ascx" />
        <!--Provides user interface for displaying a list of content items in the ContentView control in the GenericContent module.-->
        <add key="ItemListTemplatePath" layoutTemplatePath="~/Sitefinity/ControlTemplates/Generic_Content/ContentViewItemList.ascx" />
      </additionalTemplates>
    </viewSettings>
    <!--Provides user interface for selecting one or more content items in the Generic Content module.-->
    <viewSettings hostType="Telerik.Cms.Engine.WebControls.ContentSelector" layoutTemplatePath="~/Sitefinity/Admin/ControlTemplates/Generic_Content/ContentSelector.ascx" />
    <!--Provides user interface for BehaviorSetting used in ContentView designers.-->
    <viewSettings hostType="Telerik.Cms.Engine.WebControls.Design.Settings.BehaviorSetting" layoutTemplatePath="~/Sitefinity/Admin/ControlTemplates/Generic_Content/BehaviorSettingTemplate.ascx" />
    <!--Provides user interface for ContentSetting used in ContentView designers.-->
    <viewSettings hostType="Telerik.Cms.Engine.WebControls.Design.Settings.ContentSetting" layoutTemplatePath="~/Sitefinity/Admin/ControlTemplates/Generic_Content/ContentSettingTemplate.ascx" />
    <!--Provides user interface for MaxWidthSetting used in ContentView designers.-->
    <viewSettings hostType="Telerik.Cms.Engine.WebControls.Design.Settings.MaxWidthSetting" layoutTemplatePath="~/Sitefinity/Admin/ControlTemplates/Generic_Content/MaxWidthSettingTemplate.ascx" />
    <!--Provides user interface for PagingSetting used in ContentView designers.-->
    <viewSettings hostType="Telerik.Cms.Engine.WebControls.Design.Settings.PagingSetting" layoutTemplatePath="~/Sitefinity/Admin/ControlTemplates/Generic_Content/PagingSettingTemplate.ascx" />
    <!--Provides user interface for TextSetting used in ContentView designers.-->
    <viewSettings hostType="Telerik.Cms.Engine.WebControls.Design.Settings.TextSetting" layoutTemplatePath="~/Sitefinity/Admin/ControlTemplates/Generic_Content/TextSettingTemplate.ascx" />
    <!--Provides user interface for the template which renders header links in the ContentView control in the Generic Content module.-->
    <viewSettings hostType="Telerik.Cms.Engine.WebControls.HeaderLinks" layoutTemplatePath="~/Sitefinity/ControlTemplates/Generic_Content/HeaderLinks.ascx" />
    <!--Provides user interface for the dialog that allows sharing the content.-->
    <viewSettings hostType="Telerik.Cms.Engine.WebControls.ShareContentDialog" layoutTemplatePath="~/Sitefinity/Admin/ControlTemplates/Generic_Content/NewContentDialog.ascx" />
    <!--Provides user interface for displaying the list of tags for the content items.-->
    <viewSettings hostType="Telerik.Cms.Engine.WebControls.Tags.TagsList" layoutTemplatePath="~/Sitefinity/ControlTemplates/Generic_Content/TagsList.ascx" />
    <!--This template defines the layout of Breadcrumb control in Control Panel.-->
    <viewSettings hostType="Telerik.Cms.Web.UI.Backend.BackendBreadcrumb" layoutTemplatePath="~/Sitefinity/Admin/ControlTemplates/Common/AdminBreadcrumb.ascx" />
    <!--This template defines the layout of CommandPanel control when used with standard command set. It uses Repeater control to render command items.-->
    <viewSettings hostType="Telerik.Cms.Web.UI.Backend.CommandPanel" layoutTemplatePath="~/Sitefinity/Admin/ControlTemplates/Common/CmdPanelDefList.ascx" />
    <!--This template defines the layout of ProviderSelectorPanel control.-->
    <viewSettings hostType="Telerik.Cms.Web.UI.Backend.ProviderSelectorPanel" layoutTemplatePath="~/Sitefinity/Admin/ControlTemplates/Common/ProviderSelectorUnorderdList.ascx" />
    <viewSettings hostType="Telerik.Web.UI.SpamProtection.SpamProtector" layoutTemplatePath="~/Sitefinity/ControlTemplates/Common/CaptchaProtector.ascx" />
    <viewSettings hostType="Telerik.Events.WebControls.Admin.GeomappingEditor" layoutTemplatePath="~/Sitefinity/ControlTemplates/Events/GeomappingEditor.ascx" />
    <!--Events View Designer Template-->
    <viewSettings hostType="Telerik.Events.WebControls.Design.EventsViewDesigner" layoutTemplatePath="~/Sitefinity/Admin/ControlTemplates/Events/EventsViewControlDesigner.ascx" />
    <!--Time Selector Template-->
    <viewSettings hostType="Telerik.Events.WebControls.Design.Selectors.TimeSelector" layoutTemplatePath="~/Sitefinity/ControlTemplates/Events/TimeSelectorTemplate.ascx" />
    <!--Gets or sets the url to EventsScheduleView template.-->
    <viewSettings hostType="Telerik.Events.WebControls.EventsScheduleView" layoutTemplatePath="~/Sitefinity/ControlTemplates/Events/EventsScheduleView.ascx" />
    <viewSettings hostType="Telerik.Events.WebControls.EventsView">
      <additionalTemplates>
        <!--Item List-->
        <add key="ItemListTemplatePath" layoutTemplatePath="~/Sitefinity/ControlTemplates/Events/ContentViewItemView.ascx" />
        <!--Single Item-->
        <add key="SingleItemTemplatePath" layoutTemplatePath="~/Sitefinity/ControlTemplates/Events/ContentViewSingleItemView.ascx" />
      </additionalTemplates>
    </viewSettings>
    <viewSettings hostType="Telerik.Events.WebControls.Rss.RssSettingsControl" layoutTemplatePath="~/Sitefinity/Admin/ControlTemplates/Events/RssSettingsControlTemplate.ascx" />
    <viewSettings hostType="Telerik.Events.WebControls.Rss.RssViewControl" layoutTemplatePath="~/Sitefinity/Admin/ControlTemplates/Events/RssViewSettingsControl.ascx" />
    <viewSettings hostType="Telerik.Libraries.WebControls.Admin.LibrariesCommandPanel" layoutTemplatePath="~/Sitefinity/Admin/ControlTemplates/Libraries/CommandPanel.ascx" />
    <!--Provides user interface for setting up the DownloadList control designer in the Images & Documents module.-->
    <viewSettings hostType="Telerik.Libraries.WebControls.Design.DownloadListDesigner" layoutTemplatePath="~/Sitefinity/Admin/ControlTemplates/Libraries/DownloadListControlDesigner.ascx" />
    <!--Provides user interface for setting up the ImageGallery control designer in the Images & Documents module.-->
    <viewSettings hostType="Telerik.Libraries.WebControls.Design.ImageGalleryDesigner" layoutTemplatePath="~/Sitefinity/Admin/ControlTemplates/Libraries/ImageGalleryControlDesigner.ascx" />
    <!--Designer for the Viddler Video control.-->
    <viewSettings hostType="Telerik.Libraries.WebControls.Design.ViddlerVideoDesigner" layoutTemplatePath="~/Sitefinity/Admin/ControlTemplates/Libraries/ViddlerVideoControlDesigner.ascx" />
    <!--Designer for the Video control.-->
    <viewSettings hostType="Telerik.Libraries.WebControls.Design.VideoDesigner" layoutTemplatePath="~/Sitefinity/Admin/ControlTemplates/Libraries/VideoControlDesigner.ascx" />
    <!--Designer for the DownloadList control.-->
    <viewSettings hostType="Telerik.Libraries.WebControls.Design.FileListDesigner" layoutTemplatePath="~/Sitefinity/Admin/ControlTemplates/Libraries/FileListControlDesigner.ascx" />
    <!--Designer for the ImageGallery control.-->
    <viewSettings hostType="Telerik.Libraries.WebControls.Design.GalleryDesigner" layoutTemplatePath="~/Sitefinity/Admin/ControlTemplates/Libraries/GalleryControlDesigner.ascx" />
    <viewSettings hostType="Telerik.Libraries.DownloadList">
      <additionalTemplates>
        <add key="ItemListTemplatePath" layoutTemplatePath="~/Sitefinity/ControlTemplates/Libraries/DownloadList.ascx" />
      </additionalTemplates>
    </viewSettings>
    <viewSettings hostType="Telerik.Libraries.WebControls.ImageGallery">
      <additionalTemplates>
        <add key="ItemListTemplatePath" layoutTemplatePath="~/Sitefinity/ControlTemplates/Libraries/GalleryListView.ascx" />
        <add key="SingleItemTemplatePath" layoutTemplatePath="~/Sitefinity/ControlTemplates/Libraries/GalleryListViewItem.ascx" />
      </additionalTemplates>
    </viewSettings>
    <viewSettings hostType="Telerik.Libraries.WebControls.ViddlerVideo">
      <additionalTemplates>
        <add key="ItemListTemplatePath" layoutTemplatePath="~/Sitefinity/ControlTemplates/Libraries/ListViddlerVideoMaster.ascx" />
        <add key="SingleItemTemplatePath" layoutTemplatePath="~/Sitefinity/ControlTemplates/Libraries/ListViddlerVideoDetails.ascx" />
      </additionalTemplates>
    </viewSettings>
    <!--Gets or sets the path of the template used by Lists control designer.-->
    <viewSettings hostType="Telerik.Lists.Design.ListsControlDesigner" layoutTemplatePath="~/Sitefinity/ControlTemplates/Lists/ListsDesignerView.ascx" />
    <viewSettings hostType="Telerik.Lists.WebControls.ListDisplay">
      <additionalTemplates>
        <!--Simple list-->
        <add key="SimpleListTemplatePath" layoutTemplatePath="~/Sitefinity/ControlTemplates/Lists/SimpleListView.ascx" />
        <!--Expanded list-->
        <add key="ExpandedListTemplatePath" layoutTemplatePath="~/Sitefinity/ControlTemplates/Lists/ExpandedListView.ascx" />
        <!--Expandable list-->
        <add key="ExpandableListTemplatePath" layoutTemplatePath="~/Sitefinity/ControlTemplates/Lists/ExpandableListView.ascx" />
        <!--Anchor list-->
        <add key="AnchorListTemplatePath" layoutTemplatePath="~/Sitefinity/ControlTemplates/Lists/AnchorListView.ascx" />
        <!--Page list-->
        <add key="PageListTemplatePath" layoutTemplatePath="~/Sitefinity/ControlTemplates/Lists/PageListView.ascx" />
        <!--Simple Rotating list-->
        <add key="RotatingListsSimpleTemplatePath" layoutTemplatePath="~/Sitefinity/ControlTemplates/Lists/RotatingListsSimpleView.ascx" />
        <!--Expanded Rotating list-->
        <add key="RotatingListsExpandedTemplatePath" layoutTemplatePath="~/Sitefinity/ControlTemplates/Lists/RotatingListsExpandedView.ascx" />
      </additionalTemplates>
    </viewSettings>
    <viewSettings hostType="Telerik.Lists.WebControls.ListSelector" layoutTemplatePath="~/Sitefinity/ControlTemplates/Lists/ListSelectorView.ascx" />
    <viewSettings hostType="Telerik.News.Design.NewsListControlDesigner" layoutTemplatePath="~/Sitefinity/Admin/ControlTemplates/News/NewsListControlDesigner.ascx" />
    <!--Provides user interface for NewsViewDesigner control which allows modifications of NewsView designer.-->
    <viewSettings hostType="Telerik.News.WebControls.Design.NewsViewDesigner" layoutTemplatePath="~/Sitefinity/Admin/ControlTemplates/News/NewsViewControlDesigner.ascx" />
    <!--Provides user interface for displaying the archive of the news items in the News module.-->
    <viewSettings hostType="Telerik.News.WebControls.NewsArchive" layoutTemplatePath="~/Sitefinity/ControlTemplates/News/ArchiveTemplate.ascx" />
    <viewSettings hostType="Telerik.News.WebControls.NewsView">
      <additionalTemplates>
        <!--Provides user interface for displaying a list of news items in the NewsView control for the News module.-->
        <add key="ItemListTemplatePath" layoutTemplatePath="~/Sitefinity/ControlTemplates/News/ListPageMaster.ascx" />
        <!--Provides user interface for displaying a single news item in the NewsView control of the News module.-->
        <add key="SingleItemTemplatePath" layoutTemplatePath="~/Sitefinity/ControlTemplates/News/ListPageDetails.ascx" />
      </additionalTemplates>
    </viewSettings>
    <!--Provides user interface for managing settings of the rss feed for the News module.-->
    <viewSettings hostType="Telerik.News.WebControls.Rss.RssSettingsControl" layoutTemplatePath="~/Sitefinity/Admin/ControlTemplates/News/RssSettingsControlTemplate.ascx" />
    <!--Provides user interface for displaying the settings of an existing rss feed for the News module.-->
    <viewSettings hostType="Telerik.News.WebControls.Rss.RssViewControl" layoutTemplatePath="~/Sitefinity/Admin/ControlTemplates/News/RssViewSettingsControl.ascx" />
    <!--Provides user interface for setting the settings of the search index for the News module.-->
    <viewSettings hostType="Telerik.News.WebControls.Search.NewsIndexSettingsControl" layoutTemplatePath="~/Sitefinity/Admin/ControlTemplates/News/NewsIndexSettingsControl.ascx" />
    <!--Provides user interface for displaying the settings of the search index for the News module.-->
    <viewSettings hostType="Telerik.News.WebControls.Search.NewsIndexViewControl" layoutTemplatePath="~/Sitefinity/Admin/ControlTemplates/News/NewsIndexViewSettingsControl.ascx" />
    <!--Gets or sets the path to a custom layout template for the Polls command panel.-->
    <viewSettings hostType="Telerik.Polls.WebControls.Admin.PollsCommandPanel" layoutTemplatePath="~/Sitefinity/Admin/ControlTemplates/Polls/CommandPanel.ascx" />
    <!--Gets or sets the path to a custom layout template for the PollBox control.-->
    <viewSettings hostType="Telerik.Polls.WebControls.PollBox" layoutTemplatePath="~/Sitefinity/ControlTemplates/Polls/PollBox.ascx" />
    <!--Gets or sets the path to a custom layout template for the ResultsBox control.-->
    <viewSettings hostType="Telerik.Polls.WebControls.ResultsBox" layoutTemplatePath="~/Sitefinity/ControlTemplates/Polls/ResultsBoxNoLegend.ascx" />
    <!--Provides user interface for selecting a wiki and a wiki item.-->
    <viewSettings hostType="Telerik.Wiki.WebControls.Design.WikiDesignerSelector" layoutTemplatePath="~/Sitefinity/Admin/ControlTemplates/Wiki/WikiDesignerSelector.ascx" />
    <!--Provides user interface for setting up the WikiView control designer in the wiki module.-->
    <viewSettings hostType="Telerik.Wiki.WebControls.Design.WikiViewDesigner" layoutTemplatePath="~/Sitefinity/Admin/ControlTemplates/Wiki/WikiViewDesigner.ascx" />
    <!--Provides user interface for creating new categories for wiki items.-->
    <viewSettings hostType="Telerik.Wiki.WebControls.NewCategory" layoutTemplatePath="~/Sitefinity/ControlTemplates/Wiki/NewCategory.ascx" />
    <!--Provides user interface for displaying a wiki search box and a search result list.-->
    <viewSettings hostType="Telerik.Wiki.WebControls.Search.WikiCombinedSearch" layoutTemplatePath="~/Sitefinity/ControlTemplates/Wiki/WikiCombinedSearch.ascx" />
    <!--Provides user interface for displaying a wiki search result list.-->
    <viewSettings hostType="Telerik.Wiki.WebControls.Search.WikiCombinedSearchResult" layoutTemplatePath="~/Sitefinity/ControlTemplates/Wiki/WikiCombinedSearchResult.ascx" />
    <!--Provides user interface for displaying the settings of the search index for the Wiki module.-->
    <viewSettings hostType="Telerik.Wiki.WebControls.Search.WikiIndexViewControl" layoutTemplatePath="~/Sitefinity/ControlTemplates/Wiki/WikiIndexViewSettingsControl.ascx" />
    <!--Provides user interface for displaying a wiki search box.-->
    <viewSettings hostType="Telerik.Wiki.WebControls.Search.WikiSearchBox" layoutTemplatePath="~/Sitefinity/ControlTemplates/Wiki/WikiSearchBox.ascx" />
    <!--Provides user interface for displaying a result when searching by wiki tag or a wiki meta field.-->
    <viewSettings hostType="Telerik.Wiki.WebControls.Search.WikiSearchResult" layoutTemplatePath="~/Sitefinity/ControlTemplates/Wiki/WikiSearchResult.ascx" />
    <!--Provides user interface for creating new wikis and new wiki items.-->
    <viewSettings hostType="Telerik.Wiki.WebControls.WikiAdmin" layoutTemplatePath="~/Sitefinity/ControlTemplates/Wiki/WikiAdmin.ascx" />
    <!--Provides user interface for displaying a list of comments in the Wiki module.-->
    <viewSettings hostType="Telerik.Wiki.WebControls.WikiCommentsList" layoutTemplatePath="~/Sitefinity/ControlTemplates/Wiki/WikiCommentsList.ascx" />
    <!--Provides user interface for selecting wiki item.-->
    <viewSettings hostType="Telerik.Wiki.WebControls.WikiSelector" layoutTemplatePath="~/Sitefinity/ControlTemplates/Wiki/WikiSelector.ascx" />
    <viewSettings hostType="Telerik.Wiki.WebControls.WikiView">
      <additionalTemplates>
        <!--Provides user interface for displaying single wiki item.-->
        <add key="SingleItemTemplatePath" layoutTemplatePath="~/Sitefinity/ControlTemplates/Wiki/WikiViewSingleItem.ascx" />
        <!--Provides user interface for displaying a list of wiki items.-->
        <add key="ItemListTemplatePath" layoutTemplatePath="~/Sitefinity/ControlTemplates/Wiki/WikiViewItemList.ascx" />
      </additionalTemplates>
    </viewSettings>
  </viewMap>
</controlsConfig>