<?xml version="1.0" encoding="UTF-8"?>
<!-- Configuration panel -->
<banner slideShowTime = "5" 
		startWith = "1" 
		backgroundColor = "0xffffff" 
		backgroundTransparency = "100"
		cellWidth = "50"
		cellHeight = "50"
		showMinTime = "0.2"
		showMaxTime = "1.5"
		blur = "20"
		netTime = "1"
		alphaNet = "0.8"
		captionTransparency = "0.6"
		controllerTransparency = "0.6"
		overColor = "0x473C31"
		outColor = "0x000000"
		normalColor = "0x000000"
		grayColor = "0xffffff"
		buttonAlpha = "0.3"
		captionButtonAlpha = "0.4"
		padding = "20"
		thumbY = "4"
		controllerX = "10"
		controllerY = "10"
		captionY = "10"
		captionX = "10"
		controllerHeight = "27"
		distanceBetweenControllerElements = "10"
		distanceBetweenThumbs = "6"
		loaderColor = "0x000000"
		captionWidth = "390"
		buttonText = "read more"
		btnNormalColor = "0x000000"
		btnOverColor = "0xffffff"
		btnOutColor = "0x000000"
		paddingX = "20"
		paddingY = "15"
		capBottomPadding = "20"
		btnSpacingW = "10"
		btnSpacingH = "3"
		>
<!-- End panel -->

<!--If you want to customize your font use, for example:
	<font color='#FFffff' size='18px' family='Times, Times New Roman'> your text </font> 
-->
	<item>
		<path>content/images/image1.jpg</path>
		<target>_blank</target>
		<title><![CDATA[<title>Title One Here</title>]]></title>
		<caption><![CDATA[Lorem ipsum dolor sit amet...]]></caption>
		<url></url>
		<link>http://www.flabell.com</link>
		<bar_color>0xffffff</bar_color>
		<bar_transparency>40</bar_transparency>
	</item>
	
	<item>
		<path>content/images/image2.jpg</path>
		<target>_blank</target>
		<title><![CDATA[<title>Title Two Here</title>]]></title>
		<caption><![CDATA[Duis aute irure dolor in reprehenderit in voluptate velit esse cillum dolore eu fugiat nulla pariatur. Excepteur sint occaecat cupidatat non proident, sunt in culpa qui officia deserunt mollit anim id est laborum. Lorem ipsum dolor sit amet labore et dolore magna aliqua...]]></caption>
		<url></url>
		<link>http://www.flabell.com</link>
		<bar_color>0xffffff</bar_color>
		<bar_transparency>40</bar_transparency>
	</item>
	
	<item>
		<path>content/images/image3.jpg</path>
		<target>_blank</target>
		<title><![CDATA[<title>Title Tree Here</title>]]></title>
		<caption><![CDATA[Lorem ipsum dolor sit amet...]]></caption>
		<url></url>
		<link>http://www.flabell.com</link>
		<bar_color>0xffffff</bar_color>
		<bar_transparency>40</bar_transparency>
	</item>
	
	<item>
		<path>content/images/image4.jpg</path>
		<target>_blank</target>
		<title><![CDATA[<title>Title Four Here</title>]]></title>
		<caption><![CDATA[Duis aute irure dolor in reprehenderit in voluptate velit esse cillum dolore eu fugiat nulla pariatur. Excepteur sint occaecat cupidatat non proident, sunt in culpa qui officia deserunt mollit anim id est laborum. Lorem ipsum dolor sit amete magna aliqua...]]></caption>
		<url></url>
		<link>http://www.flabell.com</link>
		<bar_color>0xffffff</bar_color>
		<bar_transparency>40</bar_transparency>
	</item>
	
	<item>
		<path>content/images/image5.jpg</path>
		<target>_blank</target>
		<title><![CDATA[<title>Title Five Here</title>]]></title>
		<caption><![CDATA[Lorem ipsum dolor sit amet...]]></caption>
		<url></url>
		<link>http://www.flabell.com</link>
		<bar_color>0xffffff</bar_color>
		<bar_transparency>40</bar_transparency>
	</item>
	
	<item>
		<path>content/images/image6.jpg</path>
		<target>_blank</target>
		<title><![CDATA[<title>Title Six Here</title>]]></title>
		<caption><![CDATA[Duis aute irure dolor in reprehenderit in voluptate velit esse cillum dolore eu fugiat nulla pariatur. Excepteur sint occaecat cupidatat non proident, sunt in culpa qui officia deserunt mollit anim id est laborum. Lorem ipsum dolor sit amet labore et dolore magna aliqua...]]></caption>
		<url></url>
		<link>http://www.flabell.com</link>
		<bar_color>0xffffff</bar_color>
		<bar_transparency>40</bar_transparency>
	</item>
	
	<item>
		<path>content/images/image7.jpg</path>
		<target>_blank</target>
		<title><![CDATA[<title>Title Seven Here</title>]]></title>
		<caption><![CDATA[Lorem ipsum dolor sit amet...]]></caption>
		<url></url>
		<link>http://www.flabell.com</link>
		<bar_color>0xffffff</bar_color>
		<bar_transparency>40</bar_transparency>
	</item>
	
	<item>
		<path>content/images/image8.jpg</path>
		<target>_blank</target>
		<title><![CDATA[<title>Title Eight Here</title>]]></title>
		<caption><![CDATA[Duis aute irure dolor in reprehenderit in voluptate velit esse cillum dolore eu fugiat nulla pariatur. Excepteur sint occaecat cupidatat non proident, sunt in culpa qui officia deserunt mollit anim id est laborum. Lorem ipsum dolor sit amete magna aliqua...]]></caption>
		<url></url>
		<link>http://www.flabell.com</link>
		<bar_color>0xffffff</bar_color>
		<bar_transparency>40</bar_transparency>
	</item>
	
<item>
		<path>content/images/image1.jpg</path>
		<target>_blank</target>
		<title><![CDATA[<title>Title One Here</title>]]></title>
		<caption><![CDATA[Lorem ipsum dolor sit amet...]]></caption>
		<url></url>
		<link>http://www.flabell.com</link>
		<bar_color>0xffffff</bar_color>
		<bar_transparency>40</bar_transparency>
	</item>
	
	<item>
		<path>content/images/image2.jpg</path>
		<target>_blank</target>
		<title><![CDATA[<title>Title Two Here</title>]]></title>
		<caption><![CDATA[Duis aute irure dolor in reprehenderit in voluptate velit esse cillum dolore eu fugiat nulla pariatur. Excepteur sint occaecat cupidatat non proident, sunt in culpa qui officia deserunt mollit anim id est laborum. Lorem ipsum dolor sit amet labore et dolore magna aliqua...]]></caption>
		<url></url>
		<link>http://www.flabell.com</link>
		<bar_color>0xffffff</bar_color>
		<bar_transparency>40</bar_transparency>
	</item>
	
	<item>
		<path>content/images/image3.jpg</path>
		<target>_blank</target>
		<title><![CDATA[<title>Title Tree Here</title>]]></title>
		<caption><![CDATA[Lorem ipsum dolor sit amet...]]></caption>
		<url></url>
		<link>http://www.flabell.com</link>
		<bar_color>0xffffff</bar_color>
		<bar_transparency>40</bar_transparency>
	</item>
	
	<item>
		<path>content/images/image4.jpg</path>
		<target>_blank</target>
		<title><![CDATA[<title>Title Four Here</title>]]></title>
		<caption><![CDATA[Duis aute irure dolor in reprehenderit in voluptate velit esse cillum dolore eu fugiat nulla pariatur. Excepteur sint occaecat cupidatat non proident, sunt in culpa qui officia deserunt mollit anim id est laborum. Lorem ipsum dolor sit amete magna aliqua...]]></caption>
		<url></url>
		<link>http://www.flabell.com</link>
		<bar_color>0xffffff</bar_color>
		<bar_transparency>40</bar_transparency>
	</item>
	
	<item>
		<path>content/images/image5.jpg</path>
		<target>_blank</target>
		<title><![CDATA[<title>Title Five Here</title>]]></title>
		<caption><![CDATA[Lorem ipsum dolor sit amet...]]></caption>
		<url></url>
		<link>http://www.flabell.com</link>
		<bar_color>0xffffff</bar_color>
		<bar_transparency>40</bar_transparency>
	</item>
	
	<item>
		<path>content/images/image6.jpg</path>
		<target>_blank</target>
		<title><![CDATA[<title>Title Six Here</title>]]></title>
		<caption><![CDATA[Duis aute irure dolor in reprehenderit in voluptate velit esse cillum dolore eu fugiat nulla pariatur. Excepteur sint occaecat cupidatat non proident, sunt in culpa qui officia deserunt mollit anim id est laborum. Lorem ipsum dolor sit amet labore et dolore magna aliqua...]]></caption>
		<url></url>
		<link>http://www.flabell.com</link>
		<bar_color>0xffffff</bar_color>
		<bar_transparency>40</bar_transparency>
	</item>
	
	<item>
		<path>content/images/image7.jpg</path>
		<target>_blank</target>
		<title><![CDATA[<title>Title Seven Here</title>]]></title>
		<caption><![CDATA[Lorem ipsum dolor sit amet...]]></caption>
		<url></url>
		<link>http://www.flabell.com</link>
		<bar_color>0xffffff</bar_color>
		<bar_transparency>40</bar_transparency>
	</item>
	
	<item>
		<path>content/images/image8.jpg</path>
		<target>_blank</target>
		<title><![CDATA[<title>Title Eight Here</title>]]></title>
		<caption><![CDATA[Duis aute irure dolor in reprehenderit in voluptate velit esse cillum dolore eu fugiat nulla pariatur. Excepteur sint occaecat cupidatat non proident, sunt in culpa qui officia deserunt mollit anim id est laborum. Lorem ipsum dolor sit amete magna aliqua...]]></caption>
		<url></url>
		<link>http://www.flabell.com</link>
		<bar_color>0xffffff</bar_color>
		<bar_transparency>40</bar_transparency>
	</item>	

</banner>