<?xml version="1.0" encoding="UTF-8" standalone="yes"?>
<menu>
	<section name="Newsletters Management">
		<item name="Newsletters" img="/images/menu/icons/newsletters.gif" href="/newsletters/index.php">
			<subitem name="Manage Newsletters" img="/images/menu/icons/newsletters_manage.gif" href="/newsletters/index.php" onclick="" />
			<subitem name="Create Newsletter" img="/images/menu/icons/newsletters_create.gif" href="/newsletters/create_format.php" onclick="" />
			<subitem name="Delivery Schedule" img="/images/menu/icons/newsletters_schedule.gif" href="/newsletters/schedule.php" onclick="" />
			<subitem name="Newsletters Archive" img="/images/menu/icons/reference.gif" href="/newsletters/archive.php" onclick="" />
		</item>
		<item name="Attachments" img="/images/menu/icons/attachments.gif" href="/attaches/index.php">
			<subitem name="Manage Attachments" img="/images/menu/icons/attachments_manage.gif" href="/attaches/index.php" onclick="" />
			<subitem name="Upload Attachment" img="/images/menu/icons/attachments_upload.gif" href="/attaches/change.php?id=0" onclick="" />
		</item>
		<item name="Templates" img="/images/menu/icons/templates.gif" href="/template/index.php">
			<subitem name="Manage Templates" img="/images/menu/icons/templates_manage.gif" href="/template/index.php" onclick="" />
			<subitem name="Create Template" img="/images/menu/icons/templates_create.gif" href="/template/create_format.php" onclick="" />
		</item>
		<item name="Statistics" img="/images/menu/icons/statistics.gif" href="/archive/index.php">
			<subitem name="General Statistics" img="/images/menu/icons/statistics_general.gif" href="/archive/index.php" onclick="" />
			<subitem name="Sent Newsletters" img="/images/menu/icons/statistics_newsletters.gif" href="/archive/sent_newsletters.php" onclick="" />
			<subitem name="Interested Subscribers" img="/images/menu/icons/statistics_subscribers.gif" href="/archive/interest.php" onclick="" />
		</item>
	</section>
	<section name="Subscribers Management">
		<item name="Subscribers" img="/images/menu/icons/subscribers.gif" href="/users/index.php">
			<subitem name="Manage Subscribers" img="/images/menu/icons/subscribers_manage.gif" href="/users/index.php" onclick="" />
			<subitem name="Create Subscriber" img="/images/menu/icons/subscribers_create.gif" href="/users/change.php?id=0" onclick="" />
			<subitem name="Import Subscribers" img="/images/menu/icons/subscribers_import.gif" href="/users/import_csv.php" onclick="" />
			<subitem name="Export Subscribers" img="/images/menu/icons/subscribers_export.gif" href="/users/export_csv.php" onclick="" />
		</item>
		<item name="Mailing Lists" img="/images/menu/icons/mailing_list.gif" href="/lists/index.php">
			<subitem name="Manage Mailing Lists" img="/images/menu/icons/mailing_list_manage.gif" href="/lists/index.php" onclick="" />
			<subitem name="Create Mailing List" img="/images/menu/icons/mailing_list_create.gif" href="/lists/change.php?id=0" onclick="" />
		</item>
		<item name="Forms" img="/images/menu/icons/forms.gif" href="/forms/index.php">
			<subitem name="Manage Forms" img="/images/menu/icons/forms_manage.gif" href="/forms/index.php" onclick="" />
			<subitem name="Create Form" img="/images/menu/icons/forms_create.gif" href="/forms/create1.php" onclick="" />
			<subitem name="Manage Patterns" img="/images/menu/icons/manage_paterns.gif" href="/forms/reg_exps.php" onclick="" />
			<subitem name="Form Components" img="/images/menu/icons/form_components.gif" href="/forms/form_blocks.php" onclick="" />
		</item>
	</section>
	<section name="Site Settings Management">
		<item name="Settings" img="/images/menu/icons/settings.gif" href="/settings.php">
			<subitem name="General Settings " img="/images/menu/icons/settings_general.gif" href="/settings.php" onclick="" />
			<subitem name="SMTP Servers" img="/images/menu/icons/settings_smtp.gif" href="/smtp_servers/index.php" onclick="" />
			<subitem name="Add SMTP Server" img="/images/menu/icons/settings_smtp_add.gif" href="/smtp_servers/change.php?id=" onclick="" />
		</item>
		<item name="Administrators" img="/images/menu/icons/admins.gif" href="/administrators/index.php">
			<subitem name="Manage Admin Groups" img="/images/menu/icons/admins_groups_manage.gif" href="/administrators/index.php" onclick="" />
			<subitem name="Create Admin Group" img="/images/menu/icons/admins_groups_create.gif" href="/administrators/change.php?id=0" onclick="" />
			<subitem name="Manage Administrators" img="/images/menu/icons/admins_manage.gif" href="/administrators/admins.php" onclick="" />
			<subitem name="Create Administrator" img="/images/menu/icons/admins_create.gif" href="/administrators/change_admin.php?id=0" onclick="" />
		</item>
	</section>
</menu>
